solution,weighted_score,rtp_violation_penalty,win_rate_shortfall_penalty,missing_jackpot_penalty,symbol_concentration_penalty,rtp,win_rate,symbol_concentration,jackpot_probability,reel_1,reel_2,reel_3
1,9.298245614035089,0.0,0.0,0,9.298245614035089,0.9409722222222222,0.5659722222222222,0.4537037037037037,0.010416666666666666,"[4, 2, 2, 1, 3, 0, 3, 1, 0, 2, 2, 2]","[3, 2, 2, 2, 2, 2, 2, 2, 2, 0, 2, 2]","[0, 2, 2, 2, 2, 1, 4, 2, 2, 2, 3, 1]"
2,56.75462962962963,20.33101851851852,36.423611111111114,0,0.0,0.7366898148148148,0.1857638888888889,0.20833333333333334,0.0005787037037037037,"[2, 2, 2, 3, 1, 0, 1, 4, 4, 4, 3, 0]","[2, 2, 4, 4, 4, 3, 3, 0, 0, 1, 1, 2]","[1, 0, 2, 2, 0, 1, 3, 3, 3, 4, 4, 4]"
3,9.298245614035089,0.0,0.0,0,9.298245614035089,0.9409722222222222,0.5659722222222222,0.4537037037037037,0.010416666666666666,"[4, 2, 2, 1, 3, 0, 3, 1, 0, 2, 2, 2]","[3, 2, 2, 2, 2, 2, 2, 2, 2, 0, 2, 2]","[0, 2, 2, 2, 2, 1, 4, 2, 2, 2, 3, 1]"
4,308.24829434697864,302.1481481481482,0.4861111111111205,0,5.614035087719297,3.9814814814814814,0.5451388888888888,0.35648148148148145,0.023148148148148147,"[3, 3, 3, 3, 0, 2, 1, 4, 4, 4, 4, 2]","[4, 4, 4, 4, 4, 4, 3, 3, 3, 3, 3, 3]","[3, 2, 1, 0, 4, 4, 4, 4, 3, 3, 3, 3]"
5,10.583333333333334,0.0,2.9166666666666674,1,6.666666666666666,0.9444444444444444,0.5208333333333334,0.38425925925925924,0.0,"[2, 2, 1, 4, 3, 3, 2, 2, 4, 2, 2, 0]","[2, 2, 2, 2, 2, 2, 2, 2, 0, 3, 3, 3]","[2, 2, 2, 2, 2, 1, 0, 3, 3, 1, 4, 2]"
6,59.835769980506825,42.25231481481482,15.127314814814818,0,2.4561403508771926,1.3825231481481481,0.39872685185185186,0.27314814814814814,0.005208333333333333,"[2, 2, 2, 3, 3, 3, 0, 1, 4, 4, 4, 0]","[2, 2, 2, 2, 4, 4, 4, 3, 3, 3, 3, 2]","[2, 2, 2, 2, 0, 3, 3, 3, 1, 4, 4, 4]"
7,19.600389863547754,0.9444444444444375,13.796296296296301,1,3.859649122807017,0.9305555555555556,0.41203703703703703,0.3101851851851852,0.0,"[2, 2, 2, 2, 3, 3, 0, 1, 4, 4, 2, 2]","[2, 2, 2, 2, 4, 4, 4, 3, 3, 3, 2, 2]","[0, 2, 2, 1, 1, 1, 4, 4, 3, 3, 2, 2]"
8,31.79117933723197,2.1365740740740717,29.47916666666667,0,0.17543859649122676,0.9186342592592592,0.2552083333333333,0.21296296296296294,0.0005787037037037037,"[2, 2, 2, 3, 3, 0, 1, 1, 4, 4, 4, 0]","[2, 2, 2, 0, 4, 4, 4, 1, 1, 3, 3, 3]","[4, 0, 2, 2, 0, 3, 3, 3, 1, 1, 4, 4]"
9,154.30945419103318,145.087962962963,3.9583333333333415,0,5.263157894736839,2.4108796296296298,0.5104166666666666,0.34722222222222215,0.020833333333333332,"[2, 2, 2, 3, 3, 3, 3, 3, 4, 4, 4, 2]","[2, 2, 2, 2, 4, 4, 4, 3, 3, 3, 3, 3]","[2, 2, 2, 2, 4, 4, 4, 3, 3, 3, 3, 3]"
10,212.62451267056534,199.1388888888889,9.976851851851858,0,3.5087719298245634,2.951388888888889,0.45023148148148145,0.300925925925926,0.013888888888888888,"[3, 3, 3, 3, 0, 0, 1, 4, 4, 4, 4, 2]","[4, 4, 4, 4, 4, 0, 0, 3, 3, 3, 3, 3]","[0, 0, 1, 2, 4, 4, 4, 4, 3, 3, 3, 3]"
11,154.30945419103318,145.087962962963,3.9583333333333415,0,5.263157894736839,2.4108796296296298,0.5104166666666666,0.34722222222222215,0.020833333333333332,"[2, 2, 2, 3, 3, 3, 3, 3, 4, 4, 4, 2]","[2, 2, 2, 2, 4, 4, 4, 3, 3, 3, 3, 3]","[2, 2, 2, 2, 4, 4, 4, 3, 3, 3, 3, 3]"
12,122.12987329434698,111.87037037037037,5.347222222222225,0,4.912280701754385,2.0787037037037037,0.4965277777777778,0.33796296296296297,0.013888888888888888,"[2, 2, 2, 3, 3, 3, 3, 4, 4, 4, 4, 2]","[2, 2, 2, 2, 4, 4, 4, 3, 3, 3, 3, 2]","[2, 2, 2, 2, 4, 4, 4, 4, 3, 3, 3, 3]"
13,28.151803118908383,0.0,27.800925925925927,0,0.35087719298245457,0.9493055555555555,0.27199074074074076,0.21759259259259256,0.0011574074074074073,"[2, 2, 0, 0, 3, 3, 1, 1, 4, 4, 4, 2]","[2, 2, 2, 0, 4, 4, 4, 1, 1, 3, 3, 3]","[4, 2, 2, 2, 0, 3, 3, 3, 1, 1, 4, 4]"
14,250.7848440545809,243.93055555555554,1.0648148148148184,0,5.789473684210528,3.3993055555555554,0.5393518518518519,0.36111111111111116,0.017361111111111112,"[3, 3, 3, 3, 2, 0, 1, 4, 4, 4, 4, 3]","[4, 4, 4, 4, 4, 3, 3, 3, 3, 3, 3, 3]","[0, 1, 4, 4, 1, 4, 4, 2, 3, 3, 3, 3]"
15,212.62451267056534,199.1388888888889,9.976851851851858,0,3.5087719298245634,2.951388888888889,0.45023148148148145,0.300925925925926,0.013888888888888888,"[3, 3, 3, 3, 0, 0, 1, 4, 4, 4, 4, 2]","[4, 4, 4, 4, 4, 0, 0, 3, 3, 3, 3, 3]","[0, 0, 1, 2, 4, 4, 4, 4, 3, 3, 3, 3]"
16,232.7707115009747,221.0138888888889,7.546296296296301,0,4.210526315789474,3.170138888888889,0.47453703703703703,0.3194444444444445,0.017361111111111112,"[3, 3, 3, 3, 0, 0, 1, 4, 4, 4, 4, 3]","[4, 4, 4, 4, 4, 0, 0, 3, 3, 3, 3, 3]","[0, 0, 1, 2, 4, 4, 4, 4, 3, 3, 3, 3]"
17,232.7707115009747,221.0138888888889,7.546296296296301,0,4.210526315789474,3.170138888888889,0.47453703703703703,0.3194444444444445,0.017361111111111112,"[3, 3, 3, 3, 0, 0, 4, 4, 4, 4, 1, 3]","[4, 4, 4, 4, 4, 0, 0, 3, 3, 3, 3, 3]","[0, 0, 1, 2, 4, 4, 4, 4, 3, 3, 3, 3]"
18,34.780945419103325,8.131944444444452,26.12268518518519,0,0.5263157894736834,1.0413194444444445,0.28877314814814814,0.2222222222222222,0.001736111111111111,"[2, 2, 2, 3, 3, 3, 1, 1, 4, 4, 4, 0]","[2, 2, 2, 0, 4, 4, 4, 1, 1, 3, 3, 3]","[4, 2, 2, 2, 0, 3, 3, 3, 1, 1, 4, 4]"
19,25.032285575048736,0.0,24.155092592592595,0,0.8771929824561401,0.946412037037037,0.30844907407407407,0.23148148148148148,0.001736111111111111,"[2, 2, 2, 3, 3, 3, 1, 1, 4, 4, 4, 0]","[2, 2, 2, 2, 4, 4, 4, 1, 1, 3, 3, 3]","[0, 2, 2, 2, 0, 3, 3, 3, 1, 1, 4, 4]"
20,308.24829434697864,302.1481481481482,0.4861111111111205,0,5.614035087719297,3.9814814814814814,0.5451388888888888,0.35648148148148145,0.023148148148148147,"[3, 3, 3, 3, 2, 0, 1, 4, 4, 4, 4, 2]","[4, 4, 4, 4, 4, 4, 3, 3, 3, 3, 3, 3]","[3, 0, 1, 2, 4, 4, 4, 4, 3, 3, 3, 3]"
21,120.20735867446395,107.24074074074075,9.282407407407412,0,3.684210526315788,2.0324074074074074,0.45717592592592593,0.3055555555555555,0.009259259259259259,"[2, 2, 2, 3, 3, 3, 1, 0, 4, 4, 4, 2]","[2, 2, 2, 4, 4, 4, 4, 3, 3, 3, 3, 2]","[2, 2, 2, 2, 4, 4, 4, 4, 3, 3, 3, 3]"
22,8.790448343079925,0.01851851851851858,0.0,0,8.771929824561406,0.9398148148148148,0.5636574074074074,0.4398148148148149,0.004629629629629629,"[2, 2, 2, 3, 3, 3, 4, 1, 0, 2, 2, 0]","[2, 2, 2, 2, 2, 2, 2, 2, 2, 3, 3, 2]","[2, 2, 2, 3, 3, 4, 4, 2, 2, 3, 3, 1]"
23,103.76120857699806,87.68055555555556,13.44907407407408,0,2.6315789473684195,1.8368055555555556,0.41550925925925924,0.27777777777777773,0.005787037037037037,"[2, 2, 2, 3, 3, 3, 1, 0, 4, 4, 4, 4]","[2, 2, 2, 4, 4, 4, 4, 3, 3, 3, 3, 2]","[2, 2, 2, 2, 0, 3, 3, 3, 1, 4, 4, 4]"
24,39.9463328460039,17.049768518518515,21.49305555555556,0,1.4035087719298234,1.1304976851851851,0.3350694444444444,0.24537037037037035,0.0028935185185185184,"[3, 3, 3, 0, 0, 0, 1, 4, 4, 4, 2, 2]","[2, 4, 4, 4, 0, 0, 0, 0, 3, 3, 3, 3]","[0, 0, 0, 4, 4, 4, 1, 3, 3, 3, 2, 2]"
25,293.77704678362574,285.94444444444446,2.5694444444444464,0,5.263157894736843,3.8194444444444446,0.5243055555555556,0.34722222222222227,0.027777777777777776,"[3, 3, 3, 3, 1, 2, 0, 4, 4, 4, 4, 3]","[4, 4, 4, 4, 4, 2, 3, 3, 3, 3, 3, 3]","[3, 2, 1, 0, 4, 4, 4, 4, 3, 3, 3, 3]"
26,97.35769980506824,86.40740740740742,6.388888888888894,0,4.561403508771928,1.8240740740740742,0.4861111111111111,0.32870370370370366,0.013888888888888888,"[2, 2, 2, 2, 3, 3, 3, 4, 4, 4, 4, 2]","[2, 2, 2, 2, 4, 4, 4, 3, 3, 3, 3, 2]","[2, 2, 2, 2, 4, 4, 4, 1, 3, 3, 3, 3]"
27,296.5968567251462,290.63194444444446,0.0,0,5.964912280701755,3.8663194444444446,0.5549768518518519,0.36574074074074076,0.029513888888888888,"[3, 3, 3, 3, 2, 0, 1, 4, 4, 4, 4, 3]","[4, 4, 4, 4, 4, 3, 3, 3, 3, 3, 3, 3]","[0, 0, 1, 2, 4, 4, 4, 3, 3, 3, 3, 3]"
28,39.04751461988304,14.648148148148143,23.1712962962963,0,1.2280701754385945,1.1064814814814814,0.31828703703703703,0.2407407407407407,0.0023148148148148147,"[2, 2, 2, 3, 3, 3, 1, 4, 4, 4, 1, 0]","[2, 2, 2, 2, 4, 4, 4, 3, 3, 3, 3, 1]","[0, 2, 2, 2, 0, 3, 3, 3, 1, 1, 4, 4]"
29,78.13377192982456,64.41666666666667,10.208333333333336,0,3.508771929824559,1.6041666666666667,0.4479166666666667,0.3009259259259259,0.011574074074074073,"[2, 2, 2, 3, 3, 3, 3, 0, 4, 4, 4, 2]","[2, 2, 2, 2, 2, 4, 4, 4, 3, 3, 3, 3]","[2, 2, 2, 2, 0, 1, 4, 4, 3, 3, 3, 3]"
30,38.89400584795323,22.865740740740748,12.870370370370376,0,3.1578947368421058,1.1886574074074074,0.4212962962962963,0.2916666666666667,0.010416666666666666,"[2, 2, 2, 2, 3, 3, 3, 1, 4, 4, 4, 0]","[2, 2, 2, 2, 2, 4, 4, 3, 3, 3, 3, 2]","[2, 2, 2, 2, 0, 3, 3, 3, 1, 1, 4, 4]"
31,20.997807017543863,0.0,18.54166666666667,0,2.4561403508771926,0.9548611111111112,0.3645833333333333,0.27314814814814814,0.010416666666666666,"[2, 2, 2, 1, 3, 3, 1, 0, 4, 4, 2, 2]","[2, 2, 2, 2, 0, 4, 4, 3, 3, 3, 3, 2]","[2, 2, 2, 2, 0, 1, 4, 4, 0, 3, 3, 3]"
32,122.12987329434698,111.87037037037037,5.347222222222225,0,4.912280701754385,2.0787037037037037,0.4965277777777778,0.33796296296296297,0.013888888888888888,"[2, 2, 2, 3, 3, 3, 3, 4, 4, 4, 4, 2]","[2, 2, 2, 2, 4, 4, 4, 3, 3, 3, 3, 2]","[2, 2, 2, 2, 4, 4, 4, 4, 3, 3, 3, 3]"
33,28.8221247563353,1.9976851851851947,26.12268518518519,0,0.7017543859649122,0.9799768518518519,0.28877314814814814,0.22685185185185186,0.001736111111111111,"[2, 2, 2, 2, 3, 3, 1, 1, 4, 4, 4, 0]","[2, 2, 2, 0, 4, 4, 4, 1, 1, 3, 3, 3]","[4, 2, 2, 2, 0, 3, 3, 3, 1, 1, 4, 4]"
34,282.8377192982457,274.37037037037044,3.3796296296296324,0,5.087719298245613,3.7037037037037037,0.5162037037037037,0.34259259259259256,0.018518518518518517,"[3, 3, 3, 3, 2, 0, 1, 4, 4, 4, 4, 2]","[4, 4, 4, 4, 4, 4, 3, 3, 3, 3, 3, 3]","[0, 0, 1, 2, 4, 4, 4, 4, 3, 3, 3, 3]"
35,28.996345029239777,11.118055555555562,14.895833333333336,0,2.982456140350877,1.0711805555555556,0.4010416666666667,0.28703703703703703,0.007523148148148148,"[2, 0, 0, 3, 3, 3, 1, 4, 4, 1, 2, 2]","[2, 2, 2, 2, 4, 4, 4, 3, 3, 3, 2, 2]","[2, 2, 2, 2, 0, 1, 4, 4, 3, 3, 3, 2]"
36,32.696393762183256,13.722222222222236,16.3425925925926,0,2.6315789473684212,1.0972222222222223,0.38657407407407407,0.2777777777777778,0.011574074074074073,"[2, 2, 2, 3, 3, 3, 1, 0, 4, 4, 2, 2]","[2, 2, 2, 2, 0, 4, 4, 3, 3, 3, 3, 2]","[2, 2, 2, 2, 0, 1, 4, 4, 0, 3, 3, 3]"
37,282.8377192982457,274.37037037037044,3.3796296296296324,0,5.087719298245613,3.7037037037037037,0.5162037037037037,0.34259259259259256,0.018518518518518517,"[3, 3, 3, 3, 0, 0, 1, 4, 4, 4, 4, 2]","[4, 4, 4, 4, 4, 4, 3, 3, 3, 3, 3, 3]","[0, 0, 1, 2, 4, 4, 4, 4, 3, 3, 3, 3]"
38,78.4392665692008,60.51041666666668,15.648148148148149,0,2.280701754385966,1.5651041666666667,0.39351851851851855,0.26851851851851855,0.004629629629629629,"[3, 3, 3, 0, 0, 0, 1, 4, 4, 4, 2, 2]","[4, 4, 4, 4, 0, 0, 0, 0, 3, 3, 3, 3]","[0, 0, 0, 4, 4, 4, 1, 3, 3, 3, 3, 2]"
39,52.67811890838208,39.41666666666668,9.05092592592593,0,4.210526315789473,1.3541666666666667,0.45949074074074076,0.3194444444444444,0.016203703703703703,"[2, 2, 2, 3, 3, 3, 0, 1, 4, 4, 2, 2]","[2, 2, 2, 2, 2, 4, 4, 3, 3, 3, 3, 2]","[2, 2, 2, 2, 4, 4, 1, 4, 3, 3, 3, 3]"
40,31.749756335282648,9.833333333333329,20.162037037037038,0,1.754385964912279,0.8416666666666667,0.34837962962962965,0.2546296296296296,0.006944444444444444,"[2, 2, 2, 3, 3, 0, 1, 1, 4, 4, 4, 2]","[2, 2, 2, 2, 2, 4, 4, 1, 1, 3, 3, 3]","[2, 2, 2, 2, 0, 3, 3, 3, 1, 1, 4, 4]"
41,43.426169590643276,31.77777777777777,6.736111111111115,0,4.912280701754388,1.2777777777777777,0.4826388888888889,0.337962962962963,0.02662037037037037,"[2, 2, 2, 3, 3, 3, 1, 0, 0, 4, 2, 2]","[2, 2, 2, 2, 2, 4, 4, 3, 3, 3, 2, 2]","[2, 2, 2, 2, 2, 4, 4, 4, 3, 3, 3, 0]"
42,33.53094541910332,5.724537037037037,27.280092592592595,0,0.5263157894736834,0.8827546296296296,0.27719907407407407,0.2222222222222222,0.001736111111111111,"[2, 2, 2, 3, 3, 3, 1, 1, 4, 4, 4, 0]","[2, 2, 2, 0, 4, 4, 4, 1, 1, 3, 3, 2]","[4, 2, 2, 2, 0, 0, 3, 3, 1, 1, 4, 4]"
43,33.79044834307993,12.68055555555556,19.004629629629633,0,2.1052631578947367,1.0868055555555556,0.3599537037037037,0.2638888888888889,0.003472222222222222,"[2, 2, 2, 2, 3, 3, 1, 0, 4, 4, 4, 0]","[2, 2, 2, 2, 4, 4, 4, 3, 3, 3, 3, 2]","[2, 2, 2, 0, 0, 3, 3, 3, 1, 1, 4, 4]"
44,51.84783138401561,32.472222222222236,17.094907407407412,0,2.2807017543859636,1.2847222222222223,0.37905092592592593,0.2685185185185185,0.005208333333333333,"[3, 3, 3, 0, 0, 0, 1, 4, 4, 4, 2, 2]","[2, 4, 4, 4, 0, 0, 0, 0, 3, 3, 3, 3]","[0, 0, 0, 4, 4, 4, 1, 3, 3, 3, 3, 0]"
45,36.34892787524367,11.719907407407405,23.576388888888893,0,1.0526315789473668,0.8228009259259259,0.3142361111111111,0.23611111111111108,0.001736111111111111,"[2, 2, 2, 3, 3, 3, 1, 1, 4, 4, 4, 0]","[2, 2, 2, 2, 4, 4, 1, 1, 1, 3, 3, 3]","[4, 2, 2, 2, 0, 3, 3, 3, 1, 1, 4, 4]"
46,39.3301656920078,29.000000000000004,4.189814814814818,0,6.140350877192984,1.25,0.5081018518518519,0.3703703703703704,0.041666666666666664,"[2, 2, 2, 3, 3, 0, 1, 0, 4, 4, 2, 2]","[2, 2, 2, 2, 2, 2, 2, 1, 3, 3, 3, 2]","[2, 2, 2, 2, 0, 1, 3, 4, 3, 3, 2, 2]"
47,63.60282651072125,48.44444444444444,12.17592592592593,0,2.982456140350877,1.4444444444444444,0.42824074074074076,0.28703703703703703,0.009259259259259259,"[2, 2, 2, 3, 3, 3, 1, 0, 4, 4, 4, 2]","[2, 2, 2, 2, 2, 4, 4, 4, 3, 3, 3, 3]","[2, 2, 2, 2, 0, 1, 4, 4, 3, 3, 3, 3]"
48,24.11184210526316,0.0,22.708333333333336,0,1.4035087719298245,0.9532407407407407,0.3229166666666667,0.24537037037037038,0.003472222222222222,"[2, 2, 2, 3, 3, 3, 1, 1, 4, 4, 4, 0]","[2, 2, 2, 2, 4, 4, 3, 3, 3, 3, 1, 1]","[2, 2, 2, 2, 0, 3, 3, 3, 1, 4, 4, 0]"
49,77.6111111111111,63.78009259259258,10.49768518518519,0,3.333333333333332,1.5978009259259258,0.44502314814814814,0.2962962962962963,0.009837962962962963,"[2, 2, 2, 3, 3, 3, 1, 0, 4, 4, 4, 2]","[2, 2, 2, 2, 4, 4, 4, 3, 3, 3, 3, 2]","[2, 2, 2, 2, 4, 4, 4, 1, 3, 3, 3, 3]"
50,13.362816764132555,4.52083333333333,1.1226851851851904,0,7.719298245614034,1.0052083333333333,0.5387731481481481,0.41203703703703703,0.012152777777777778,"[2, 2, 2, 3, 3, 0, 1, 4, 4, 4, 1, 0]","[2, 2, 2, 2, 2, 2, 2, 2, 2, 3, 3, 3]","[2, 2, 2, 2, 0, 1, 1, 2, 2, 2, 3, 3]"
51,64.64814814814815,50.18055555555556,11.134259259259265,0,3.333333333333335,1.4618055555555556,0.4386574074074074,0.29629629629629634,0.010416666666666666,"[2, 2, 2, 1, 3, 3, 3, 0, 4, 4, 4, 2]","[2, 2, 2, 2, 2, 4, 4, 3, 3, 3, 3, 3]","[2, 2, 2, 2, 0, 1, 4, 4, 3, 3, 3, 3]"
52,34.00974658869396,27.263888888888886,0.2546296296296324,0,6.4912280701754375,1.2326388888888888,0.5474537037037037,0.3796296296296296,0.010416666666666666,"[2, 2, 2, 3, 3, 4, 1, 3, 3, 2, 2, 0]","[2, 2, 2, 2, 2, 2, 3, 3, 3, 3, 2, 2]","[2, 2, 2, 2, 2, 4, 0, 1, 3, 3, 3, 1]"
53,110.32797270955167,101.22222222222223,3.8425925925925974,0,5.263157894736843,1.9722222222222223,0.5115740740740741,0.34722222222222227,0.020833333333333332,"[2, 2, 2, 3, 3, 3, 3, 3, 4, 4, 4, 2]","[2, 2, 2, 2, 2, 4, 4, 3, 3, 3, 3, 3]","[2, 2, 2, 2, 2, 0, 4, 4, 3, 3, 3, 3]"
54,28.40545808966861,0.8865740740740655,26.817129629629633,0,0.7017543859649122,0.9311342592592593,0.2818287037037037,0.22685185185185186,0.001736111111111111,"[2, 2, 2, 3, 3, 3, 1, 4, 4, 4, 1, 0]","[2, 2, 2, 2, 4, 4, 4, 0, 1, 3, 3, 3]","[0, 2, 2, 2, 0, 3, 3, 3, 1, 1, 4, 4]"
55,52.334247076023395,31.28587962962963,19.293981481481488,0,1.754385964912279,1.2728587962962963,0.3570601851851852,0.2546296296296296,0.004050925925925926,"[3, 3, 3, 0, 0, 0, 1, 4, 4, 4, 2, 2]","[2, 4, 4, 4, 0, 0, 0, 0, 3, 3, 3, 3]","[0, 0, 0, 4, 4, 4, 1, 3, 3, 3, 3, 2]"
56,45.42056530214424,24.717592592592585,18.77314814814815,0,1.9298245614035079,1.2071759259259258,0.36226851851851855,0.25925925925925924,0.004629629629629629,"[2, 2, 2, 3, 3, 3, 0, 1, 4, 4, 4, 0]","[2, 2, 2, 2, 4, 4, 4, 3, 3, 3, 0, 2]","[2, 2, 2, 2, 0, 3, 3, 3, 1, 4, 4, 4]"
57,57.479532163742704,44.046296296296305,9.39814814814815,0,4.035087719298247,1.400462962962963,0.45601851851851855,0.3148148148148148,0.011574074074074073,"[2, 2, 2, 3, 3, 3, 1, 4, 4, 4, 4, 2]","[2, 2, 2, 2, 2, 4, 4, 3, 3, 3, 3, 2]","[2, 2, 2, 2, 0, 1, 4, 4, 3, 3, 3, 3]"
58,41.3391812865497,29.52083333333333,7.256944444444446,0,4.561403508771931,1.2552083333333333,0.4774305555555556,0.3287037037037037,0.026041666666666668,"[2, 2, 2, 3, 3, 0, 1, 4, 4, 4, 2, 2]","[2, 2, 2, 2, 2, 4, 4, 3, 3, 3, 2, 2]","[2, 2, 2, 2, 0, 1, 4, 4, 3, 3, 3, 2]"
59,20.400828460038994,4.000000000000004,11.365740740740742,1,4.035087719298247,1.0,0.4363425925925926,0.3148148148148148,0.0,"[1, 2, 2, 3, 3, 3, 1, 0, 4, 4, 2, 2]","[2, 2, 2, 2, 2, 4, 4, 3, 3, 3, 3, 2]","[2, 2, 2, 2, 0, 1, 4, 4, 3, 3, 2, 2]"
60,23.88913255360625,0.18055555555556244,22.129629629629633,0,1.5789473684210524,0.9618055555555556,0.3287037037037037,0.25,0.003472222222222222,"[2, 2, 2, 3, 3, 1, 0, 1, 4, 4, 4, 0]","[2, 2, 2, 2, 4, 4, 4, 1, 3, 3, 3, 2]","[2, 2, 2, 2, 0, 3, 3, 3, 1, 1, 4, 4]"
61,89.89424951267058,79.2314814814815,5.925925925925929,0,4.736842105263157,1.7523148148148149,0.49074074074074076,0.3333333333333333,0.018518518518518517,"[2, 2, 2, 2, 3, 3, 3, 0, 4, 4, 4, 2]","[2, 2, 2, 2, 4, 4, 4, 3, 3, 3, 3, 2]","[2, 2, 2, 2, 2, 4, 4, 4, 3, 3, 3, 3]"
62,22.991228070175442,1.9861111111111114,17.847222222222225,0,3.1578947368421058,0.9798611111111111,0.3715277777777778,0.2916666666666667,0.013888888888888888,"[2, 2, 2, 0, 1, 3, 3, 1, 4, 4, 4, 2]","[2, 2, 2, 2, 4, 4, 4, 1, 1, 3, 2, 2]","[2, 2, 2, 2, 2, 3, 3, 3, 1, 1, 4, 4]"
63,26.949561403508774,17.194444444444446,3.2638888888888884,0,6.4912280701754375,1.1319444444444444,0.5173611111111112,0.3796296296296296,0.020833333333333332,"[2, 2, 2, 3, 3, 3, 1, 0, 4, 4, 2, 2]","[2, 2, 2, 2, 2, 2, 2, 1, 3, 3, 3, 2]","[2, 2, 3, 2, 2, 1, 4, 4, 3, 3, 2, 2]"
64,276.87889863547764,268.58333333333337,3.0324074074074114,0,5.263157894736843,3.6458333333333335,0.5196759259259259,0.34722222222222227,0.016203703703703703,"[3, 3, 3, 3, 2, 0, 1, 4, 4, 4, 4, 4]","[4, 4, 4, 4, 4, 4, 3, 3, 3, 3, 3, 3]","[0, 0, 1, 2, 4, 4, 4, 2, 3, 3, 3, 3]"
65,267.5075536062378,260.48148148148147,1.4120370370370394,0,5.614035087719297,3.564814814814815,0.5358796296296297,0.35648148148148145,0.009259259259259259,"[3, 3, 2, 3, 3, 0, 1, 4, 4, 4, 4, 1]","[4, 4, 4, 4, 4, 4, 3, 3, 3, 3, 3, 3]","[3, 2, 1, 0, 4, 4, 4, 4, 3, 3, 3, 3]"
66,16.413499025341142,3.305555555555562,6.967592592592597,0,6.140350877192984,0.9930555555555556,0.48032407407407407,0.3703703703703704,0.006944444444444444,"[4, 2, 2, 3, 3, 3, 1, 1, 4, 2, 2, 2]","[3, 2, 2, 2, 2, 2, 2, 2, 2, 3, 3, 3]","[0, 2, 2, 2, 2, 1, 4, 2, 3, 3, 0, 1]"
67,22.69395711500976,5.6203703703703765,13.564814814814818,0,3.5087719298245634,1.0162037037037037,0.41435185185185186,0.300925925925926,0.011574074074074073,"[2, 2, 2, 1, 3, 3, 0, 1, 4, 4, 4, 2]","[2, 2, 2, 2, 2, 4, 4, 3, 3, 3, 2, 2]","[2, 2, 2, 2, 0, 1, 4, 4, 3, 3, 3, 0]"
68,23.160575048732962,7.4722222222222365,11.828703703703708,0,3.859649122807017,1.0347222222222223,0.43171296296296297,0.3101851851851852,0.006944444444444444,"[2, 2, 2, 3, 3, 3, 0, 1, 4, 4, 2, 2]","[2, 2, 2, 2, 2, 4, 4, 3, 3, 3, 3, 2]","[0, 2, 2, 2, 0, 1, 4, 4, 3, 3, 2, 2]"
69,38.54312865497077,20.66666666666668,15.069444444444446,0,2.8070175438596503,1.1666666666666667,0.3993055555555556,0.28240740740740744,0.011574074074074073,"[2, 2, 2, 1, 3, 3, 3, 0, 4, 4, 4, 2]","[2, 2, 2, 2, 4, 4, 0, 3, 3, 3, 3, 2]","[2, 2, 2, 2, 0, 1, 4, 4, 3, 3, 3, 2]"
70,32.17738791423003,13.606481481481492,15.763888888888893,0,2.807017543859648,1.0960648148148149,0.3923611111111111,0.2824074074074074,0.005787037037037037,"[2, 2, 2, 1, 3, 3, 3, 0, 4, 4, 4, 0]","[2, 2, 2, 2, 2, 4, 4, 3, 3, 3, 3, 2]","[2, 2, 2, 2, 0, 1, 4, 4, 3, 3, 3, 1]"
71,28.50170565302144,3.8148148148148047,23.634259259259267,0,1.0526315789473668,0.9018518518518519,0.3136574074074074,0.23611111111111108,0.0023148148148148147,"[2, 2, 2, 0, 3, 3, 1, 1, 4, 4, 4, 0]","[2, 2, 2, 2, 4, 4, 4, 1, 1, 3, 3, 3]","[2, 2, 2, 2, 0, 3, 3, 3, 1, 1, 4, 4]"
72,40.578947368421055,18.722222222222218,20.277777777777782,0,1.5789473684210524,1.1472222222222221,0.3472222222222222,0.25,0.003472222222222222,"[2, 2, 2, 3, 3, 3, 1, 1, 4, 4, 4, 0]","[2, 2, 2, 2, 4, 4, 4, 1, 1, 3, 3, 3]","[4, 2, 2, 2, 2, 3, 3, 3, 1, 1, 4, 4]"
73,59.11817738791423,51.51157407407407,1.8171296296296324,0,5.789473684210528,1.4751157407407407,0.5318287037037037,0.36111111111111116,0.02488425925925926,"[2, 2, 2, 3, 3, 3, 0, 1, 4, 2, 2, 2]","[2, 2, 2, 2, 2, 2, 2, 3, 3, 3, 3, 3]","[2, 2, 2, 2, 0, 4, 4, 0, 3, 3, 3, 1]"
74,14.030214424951268,0.0,8.240740740740742,0,5.789473684210526,0.9513888888888888,0.4675925925925926,0.3611111111111111,0.006944444444444444,"[2, 2, 2, 3, 3, 2, 2, 1, 4, 4, 4, 0]","[2, 2, 2, 2, 2, 2, 2, 2, 0, 3, 3, 3]","[2, 2, 2, 2, 4, 3, 3, 3, 3, 1, 4, 4]"
75,15.115131578947377,0.0,10.729166666666673,0,4.385964912280703,0.9461805555555556,0.4427083333333333,0.3240740740740741,0.008680555555555556,"[2, 1, 2, 2, 3, 3, 1, 4, 0, 0, 2, 2]","[2, 2, 2, 2, 2, 4, 4, 3, 3, 3, 2, 2]","[2, 2, 2, 2, 0, 1, 4, 4, 3, 3, 3, 2]"
76,24.60550682261209,7.64583333333333,13.275462962962969,0,3.6842105263157903,1.0364583333333333,0.41724537037037035,0.3055555555555556,0.0005787037037037037,"[2, 2, 2, 3, 3, 3, 1, 4, 4, 1, 2, 2]","[2, 2, 2, 2, 4, 4, 4, 3, 3, 3, 2, 2]","[2, 4, 2, 2, 0, 1, 4, 4, 3, 3, 3, 2]"
77,55.781189083820664,35.8287037037037,17.847222222222225,0,2.1052631578947367,1.318287037037037,0.3715277777777778,0.2638888888888889,0.003472222222222222,"[2, 2, 2, 3, 3, 3, 0, 1, 4, 4, 4, 0]","[2, 2, 2, 2, 4, 4, 4, 3, 3, 3, 3, 2]","[0, 2, 2, 2, 0, 3, 3, 3, 1, 4, 4, 4]"
78,104.07797270955166,94.56712962962963,4.2476851851851904,0,5.263157894736839,1.9056712962962963,0.5075231481481481,0.34722222222222215,0.019097222222222224,"[2, 2, 2, 2, 3, 3, 3, 4, 4, 4, 4, 2]","[2, 2, 2, 2, 4, 4, 4, 3, 3, 3, 3, 2]","[2, 2, 2, 2, 2, 4, 4, 4, 3, 3, 3, 3]"
79,28.27509746588696,17.54166666666668,4.768518518518527,0,5.964912280701755,1.1354166666666667,0.5023148148148148,0.36574074074074076,0.008101851851851851,"[2, 2, 2, 3, 3, 3, 1, 0, 4, 4, 3, 2]","[2, 2, 2, 2, 2, 2, 2, 3, 3, 3, 3, 2]","[2, 2, 0, 2, 2, 4, 0, 1, 3, 3, 3, 2]"
80,11.931286549707607,1.8703703703703674,1.9907407407407485,0,8.070175438596491,0.9212962962962963,0.5300925925925926,0.4212962962962963,0.009259259259259259,"[2, 1, 1, 3, 3, 3, 1, 0, 0, 4, 2, 2]","[2, 2, 2, 2, 2, 2, 2, 2, 3, 3, 2, 2]","[2, 2, 2, 2, 0, 1, 4, 2, 2, 3, 3, 0]"
81,35.34990253411306,26.39583333333333,1.5856481481481555,0,7.368421052631582,1.2239583333333333,0.5341435185185185,0.40277777777777785,0.02141203703703704,"[2, 2, 2, 3, 3, 3, 2, 2, 4, 2, 0, 2]","[2, 2, 2, 2, 2, 2, 2, 4, 3, 3, 3, 2]","[2, 2, 2, 2, 2, 0, 4, 1, 1, 3, 3, 3]"
82,9.021076998050692,0.0,0.7754629629629695,0,8.245614035087723,0.9461805555555556,0.5422453703703703,0.425925925925926,0.008680555555555556,"[2, 2, 2, 0, 1, 3, 3, 3, 4, 2, 2, 0]","[2, 2, 2, 2, 2, 0, 2, 2, 2, 3, 3, 2]","[2, 2, 2, 2, 2, 4, 4, 1, 2, 2, 3, 3]"
83,11.068469785575038,0.9444444444444375,2.1064814814814814,1,7.01754385964912,0.9305555555555556,0.5289351851851852,0.39351851851851843,0.0,"[2, 2, 1, 4, 3, 3, 2, 2, 4, 2, 2, 0]","[2, 2, 2, 2, 2, 2, 2, 4, 3, 3, 3, 2]","[2, 2, 2, 2, 0, 4, 4, 2, 2, 3, 3, 3]"
84,85.49305555555556,78.82638888888889,0.0,0,6.666666666666668,1.7482638888888888,0.5526620370370371,0.3842592592592593,0.022569444444444444,"[2, 2, 2, 0, 1, 0, 3, 3, 3, 4, 2, 2]","[2, 2, 2, 2, 2, 2, 2, 3, 3, 3, 3, 3]","[2, 2, 2, 2, 0, 2, 4, 3, 3, 3, 3, 3]"
85,79.07797270955166,69.27777777777777,4.537037037037039,0,5.263157894736843,1.6527777777777777,0.5046296296296297,0.34722222222222227,0.018518518518518517,"[2, 2, 2, 3, 3, 3, 3, 4, 4, 4, 4, 2]","[2, 2, 2, 2, 2, 4, 4, 3, 3, 3, 3, 2]","[2, 2, 2, 2, 2, 0, 4, 4, 3, 3, 3, 3]"
86,36.79970760233919,16.673611111111118,18.020833333333336,0,2.1052631578947367,1.1267361111111112,0.3697916666666667,0.2638888888888889,0.007523148148148148,"[2, 2, 2, 2, 3, 3, 3, 1, 4, 4, 4, 0]","[2, 2, 2, 2, 4, 4, 4, 1, 3, 3, 3, 2]","[2, 2, 2, 2, 0, 3, 3, 3, 1, 1, 4, 4]"
87,111.88864522417154,102.37962962962963,4.421296296296295,0,5.087719298245613,1.9837962962962963,0.5057870370370371,0.34259259259259256,0.016203703703703703,"[2, 2, 2, 3, 3, 3, 3, 4, 4, 4, 4, 2]","[2, 2, 2, 2, 4, 4, 4, 3, 3, 3, 3, 2]","[2, 2, 2, 2, 2, 4, 4, 4, 3, 3, 3, 3]"
88,45.42056530214424,24.717592592592585,18.77314814814815,0,1.9298245614035079,1.2071759259259258,0.36226851851851855,0.25925925925925924,0.004629629629629629,"[2, 2, 2, 2, 3, 3, 3, 1, 4, 4, 4, 0]","[2, 2, 2, 2, 4, 4, 4, 1, 3, 3, 3, 2]","[4, 2, 2, 2, 0, 3, 3, 3, 1, 1, 4, 4]"
89,45.916423001949326,35.25,5.578703703703708,0,5.087719298245615,1.3125,0.49421296296296297,0.3425925925925926,0.034722222222222224,"[2, 2, 2, 2, 3, 3, 1, 0, 4, 4, 2, 2]","[2, 2, 2, 2, 2, 4, 4, 3, 3, 3, 2, 2]","[2, 2, 2, 2, 0, 1, 4, 4, 3, 3, 3, 2]"
90,25.032285575048736,0.0,24.155092592592595,0,0.8771929824561401,0.946412037037037,0.30844907407407407,0.23148148148148148,0.001736111111111111,"[2, 2, 2, 3, 3, 3, 1, 1, 4, 4, 4, 0]","[2, 2, 2, 2, 4, 4, 4, 1, 1, 3, 3, 3]","[0, 2, 2, 2, 0, 3, 3, 3, 1, 1, 4, 4]"
91,26.570662768031198,3.3865740740740784,21.956018518518523,0,1.2280701754385956,0.9938657407407407,0.3304398148148148,0.24074074074074073,0.0028935185185185184,"[2, 2, 2, 3, 3, 3, 1, 1, 4, 4, 4, 0]","[2, 2, 2, 2, 4, 4, 4, 1, 1, 3, 3, 3]","[2, 2, 2, 2, 0, 3, 3, 3, 1, 1, 4, 4]"
92,51.938596491228076,42.19444444444444,4.3055555555555625,0,5.438596491228071,1.3819444444444444,0.5069444444444444,0.35185185185185186,0.034722222222222224,"[2, 2, 2, 3, 3, 0, 1, 4, 4, 4, 2, 2]","[2, 2, 2, 2, 2, 4, 4, 3, 3, 3, 2, 2]","[2, 2, 2, 2, 2, 3, 3, 3, 1, 4, 4, 2]"
93,68.83187134502924,61.638888888888886,0.0,0,7.19298245614035,1.5763888888888888,0.5729166666666666,0.39814814814814814,0.03009259259259259,"[2, 2, 2, 2, 3, 3, 3, 1, 4, 4, 2, 2]","[2, 2, 2, 2, 2, 2, 2, 3, 3, 3, 3, 2]","[2, 2, 2, 2, 0, 4, 4, 4, 3, 3, 3, 3]"
94,267.5075536062378,260.48148148148147,1.4120370370370394,0,5.614035087719297,3.564814814814815,0.5358796296296297,0.35648148148148145,0.009259259259259259,"[3, 3, 2, 3, 3, 0, 1, 4, 4, 4, 4, 2]","[4, 4, 4, 4, 4, 4, 3, 3, 3, 3, 3, 3]","[3, 2, 1, 0, 4, 4, 4, 4, 3, 3, 3, 3]"
95,15.896929824561404,2.333333333333332,8.125000000000004,0,5.438596491228068,0.9166666666666666,0.46875,0.3518518518518518,0.013888888888888888,"[2, 2, 2, 3, 3, 0, 1, 4, 2, 2, 4, 2]","[2, 2, 2, 2, 2, 2, 2, 2, 3, 3, 3, 1]","[0, 2, 2, 2, 2, 4, 3, 3, 1, 1, 4, 0]"
96,10.865253411306055,0.5277777777777835,3.4953703703703765,0,6.842105263157896,0.9652777777777778,0.5150462962962963,0.3888888888888889,0.006944444444444444,"[2, 2, 2, 1, 3, 3, 2, 2, 4, 2, 2, 4]","[2, 2, 2, 2, 2, 2, 2, 4, 3, 3, 3, 2]","[2, 2, 2, 2, 0, 3, 3, 3, 1, 4, 4, 4]"
97,259.39839181286555,249.48611111111117,5.000000000000004,0,4.912280701754385,3.454861111111111,0.5,0.33796296296296297,0.024305555555555556,"[3, 3, 3, 3, 2, 0, 1, 4, 4, 4, 2, 3]","[4, 4, 4, 4, 4, 3, 3, 3, 3, 3, 3, 0]","[3, 0, 1, 2, 4, 4, 4, 4, 3, 3, 3, 3]"
98,18.041179337231984,8.861111111111121,2.3379629629629695,0,6.842105263157893,1.0486111111111112,0.5266203703703703,0.38888888888888884,0.006944444444444444,"[2, 2, 1, 3, 4, 0, 3, 3, 2, 2, 2, 0]","[1, 2, 2, 2, 2, 2, 2, 2, 2, 3, 3, 3]","[3, 3, 2, 2, 2, 1, 4, 2, 2, 2, 3, 3]"
99,10.932261208576996,0.2962962962962954,2.9166666666666674,0,7.719298245614034,0.9629629629629629,0.5208333333333334,0.41203703703703703,0.009259259259259259,"[2, 2, 2, 3, 3, 1, 4, 1, 3, 3, 4, 0]","[2, 2, 2, 2, 2, 4, 2, 2, 2, 3, 3, 3]","[0, 2, 2, 2, 2, 2, 1, 2, 2, 2, 3, 3]"
100,11.055311890838212,2.495370370370376,0.1388888888888884,0,8.421052631578947,0.9849537037037037,0.5486111111111112,0.4305555555555555,0.008101851851851851,"[2, 1, 1, 3, 3, 2, 2, 2, 1, 2, 2, 0]","[2, 2, 2, 2, 2, 2, 2, 2, 2, 3, 3, 3]","[2, 2, 2, 2, 0, 1, 4, 2, 2, 3, 3, 1]"
101,21.87037037037037,8.351851851851844,6.851851851851859,0,6.666666666666666,0.8564814814814815,0.48148148148148145,0.38425925925925924,0.004629629629629629,"[2, 2, 2, 3, 3, 3, 4, 1, 0, 2, 2, 0]","[2, 2, 3, 3, 2, 2, 2, 2, 2, 3, 3, 2]","[2, 2, 2, 2, 0, 4, 4, 2, 2, 3, 3, 1]"
102,31.266081871345044,16.847222222222236,10.208333333333336,0,4.210526315789474,1.1284722222222223,0.4479166666666667,0.3194444444444445,0.017361111111111112,"[2, 2, 2, 3, 3, 3, 1, 4, 4, 4, 0, 2]","[2, 2, 2, 2, 2, 4, 4, 3, 3, 3, 2, 2]","[2, 2, 2, 2, 0, 4, 4, 3, 3, 1, 3, 2]"
103,14.92690058479532,1.569444444444435,6.041666666666673,1,6.315789473684212,0.9243055555555556,0.4895833333333333,0.37500000000000006,0.0,"[2, 2, 0, 3, 3, 3, 3, 4, 1, 2, 2, 0]","[2, 2, 2, 2, 2, 2, 2, 1, 1, 3, 3, 3]","[2, 2, 2, 2, 2, 1, 1, 2, 2, 3, 3, 1]"
104,37.21759259259261,21.534722222222236,12.34953703703704,0,3.333333333333332,1.1753472222222223,0.42650462962962965,0.2962962962962963,0.014467592592592593,"[2, 2, 0, 3, 3, 3, 1, 4, 4, 1, 2, 2]","[2, 2, 2, 2, 4, 4, 4, 3, 3, 3, 2, 2]","[2, 2, 2, 2, 0, 1, 4, 4, 3, 3, 3, 2]"
105,17.970516569200786,5.44675925925926,6.909722222222225,0,5.6140350877193015,1.0144675925925926,0.4809027777777778,0.35648148148148157,0.0028935185185185184,"[4, 2, 2, 3, 3, 3, 1, 1, 4, 2, 2, 2]","[3, 2, 2, 2, 2, 2, 2, 2, 3, 3, 3, 3]","[0, 2, 2, 2, 0, 1, 4, 4, 3, 3, 2, 2]"
106,10.293859649122817,0.35416666666666735,2.3958333333333415,0,7.543859649122808,0.9635416666666666,0.5260416666666666,0.40740740740740744,0.012152777777777778,"[2, 2, 2, 3, 3, 3, 1, 4, 4, 4, 1, 0]","[2, 2, 2, 2, 2, 2, 2, 2, 2, 0, 3, 3]","[2, 2, 2, 2, 0, 1, 1, 2, 2, 2, 3, 3]"
107,264.54702729044834,254.69444444444446,5.115740740740743,0,4.736842105263157,3.5069444444444446,0.4988425925925926,0.3333333333333333,0.020833333333333332,"[3, 3, 3, 1, 0, 2, 1, 4, 4, 4, 4, 3]","[4, 4, 4, 4, 4, 3, 3, 3, 3, 3, 3, 0]","[3, 2, 1, 0, 4, 4, 4, 4, 3, 3, 3, 3]"
108,13.775828460038984,3.83796296296296,2.5694444444444464,0,7.368421052631578,0.9016203703703703,0.5243055555555556,0.40277777777777773,0.008101851851851851,"[2, 2, 2, 3, 0, 3, 1, 4, 4, 2, 2, 0]","[2, 2, 2, 2, 2, 2, 2, 2, 2, 3, 3, 3]","[2, 2, 2, 1, 0, 4, 4, 2, 2, 2, 3, 3]"
109,9.031676413255369,0.0648148148148184,0.37037037037037646,0,8.596491228070175,0.9606481481481481,0.5462962962962963,0.4351851851851852,0.011574074074074073,"[2, 2, 2, 3, 3, 3, 1, 1, 0, 0, 4, 0]","[2, 2, 2, 2, 2, 0, 2, 2, 2, 3, 3, 2]","[2, 2, 2, 2, 2, 0, 1, 2, 2, 2, 3, 3]"
110,264.0316764132554,255.3888888888889,3.3796296296296324,0,5.263157894736843,3.513888888888889,0.5162037037037037,0.34722222222222227,0.018518518518518517,"[3, 3, 3, 3, 0, 2, 1, 4, 4, 4, 4, 2]","[4, 4, 4, 4, 4, 3, 3, 3, 3, 3, 3, 3]","[0, 0, 1, 2, 4, 4, 4, 4, 3, 3, 3, 3]"
111,9.031676413255369,0.0648148148148184,0.37037037037037646,0,8.596491228070175,0.9606481481481481,0.5462962962962963,0.4351851851851852,0.011574074074074073,"[2, 2, 2, 3, 3, 3, 4, 1, 0, 0, 4, 0]","[2, 2, 2, 2, 2, 4, 2, 2, 2, 3, 3, 2]","[2, 2, 2, 2, 2, 0, 1, 2, 2, 2, 3, 3]"
112,22.284356725146203,9.277777777777775,6.041666666666673,1,5.9649122807017525,0.8472222222222222,0.4895833333333333,0.3657407407407407,0.0,"[2, 2, 1, 4, 3, 3, 2, 2, 4, 2, 2, 0]","[2, 2, 2, 2, 2, 2, 2, 4, 3, 3, 3, 2]","[2, 2, 2, 2, 2, 4, 0, 1, 3, 3, 4, 1]"
113,18.320175438596497,10.250000000000005,0.0,0,8.070175438596491,1.0625,0.5590277777777778,0.4212962962962963,0.006944444444444444,"[2, 2, 2, 4, 3, 3, 2, 2, 4, 2, 2, 0]","[2, 2, 2, 2, 2, 2, 2, 4, 3, 3, 3, 2]","[2, 2, 2, 2, 0, 4, 4, 2, 2, 3, 3, 3]"
114,11.390107212475641,0.0,3.4953703703703765,0,7.894736842105265,0.9571759259259259,0.5150462962962963,0.4166666666666667,0.008101851851851851,"[2, 2, 2, 3, 3, 0, 1, 0, 0, 4, 1, 0]","[2, 2, 2, 2, 2, 2, 2, 2, 2, 3, 3, 3]","[2, 2, 2, 3, 3, 1, 1, 2, 2, 2, 3, 3]"
115,12.017543859649129,0.0,5.000000000000004,0,7.017543859649124,0.9571759259259259,0.5,0.39351851851851855,0.008101851851851851,"[2, 2, 2, 0, 3, 3, 4, 1, 1, 2, 2, 0]","[2, 2, 2, 2, 2, 2, 2, 2, 2, 3, 3, 3]","[2, 2, 2, 2, 0, 3, 3, 3, 1, 1, 3, 1]"
116,106.32577972709552,95.08796296296296,6.851851851851859,0,4.385964912280699,1.9108796296296295,0.48148148148148145,0.324074074074074,0.01273148148148148,"[2, 2, 2, 3, 3, 3, 3, 4, 4, 4, 4, 2]","[2, 2, 2, 2, 4, 4, 4, 3, 3, 3, 3, 2]","[2, 2, 2, 2, 0, 4, 4, 4, 3, 3, 3, 3]"
117,36.8874269005848,29.694444444444446,0.0,0,7.192982456140353,1.2569444444444444,0.5567129629629629,0.3981481481481482,0.020833333333333332,"[2, 2, 1, 4, 3, 3, 2, 2, 4, 2, 2, 2]","[2, 2, 2, 2, 2, 2, 2, 3, 3, 3, 3, 2]","[4, 2, 2, 2, 2, 4, 0, 1, 1, 3, 3, 3]"
118,18.37256335282651,10.828703703703702,0.0,0,7.543859649122808,1.068287037037037,0.5671296296296297,0.40740740740740744,0.008101851851851851,"[2, 2, 2, 3, 3, 3, 1, 4, 4, 2, 2, 0]","[2, 2, 2, 2, 2, 2, 2, 2, 2, 3, 3, 3]","[2, 2, 2, 1, 0, 4, 4, 2, 2, 2, 3, 3]"
119,84.61890838206628,72.05555555555556,8.703703703703708,0,3.859649122807017,1.6805555555555556,0.46296296296296297,0.3101851851851852,0.013888888888888888,"[2, 2, 2, 3, 3, 3, 3, 0, 4, 4, 4, 2]","[2, 2, 2, 2, 2, 4, 4, 3, 3, 3, 3, 3]","[2, 2, 2, 2, 0, 1, 4, 4, 3, 3, 3, 3]"
120,10.87621832358675,1.9166666666666672,1.0648148148148184,0,7.894736842105265,0.9791666666666666,0.5393518518518519,0.4166666666666667,0.006944444444444444,"[2, 2, 2, 3, 3, 3, 2, 2, 4, 2, 2, 0]","[2, 2, 2, 2, 2, 2, 2, 4, 0, 3, 3, 2]","[2, 2, 2, 2, 0, 4, 4, 2, 2, 3, 3, 3]"
121,106.32577972709552,95.08796296296296,6.851851851851859,0,4.385964912280699,1.9108796296296295,0.48148148148148145,0.324074074074074,0.01273148148148148,"[2, 2, 2, 3, 3, 3, 3, 4, 4, 4, 4, 2]","[2, 2, 2, 2, 4, 4, 4, 3, 3, 3, 3, 2]","[0, 2, 2, 2, 2, 4, 4, 4, 3, 3, 3, 3]"
122,9.021076998050692,0.0,0.7754629629629695,0,8.245614035087723,0.9461805555555556,0.5422453703703703,0.425925925925926,0.008680555555555556,"[2, 2, 2, 3, 3, 3, 1, 0, 4, 2, 2, 0]","[2, 2, 2, 2, 2, 0, 2, 2, 2, 3, 3, 2]","[2, 2, 2, 2, 2, 4, 4, 1, 2, 2, 3, 3]"
123,89.38255360623783,82.24074074074075,1.5277777777777835,0,5.614035087719297,1.7824074074074074,0.5347222222222222,0.35648148148148145,0.013888888888888888,"[2, 2, 3, 3, 1, 0, 3, 3, 3, 4, 2, 2]","[2, 2, 2, 2, 2, 2, 3, 3, 3, 3, 3, 3]","[2, 2, 2, 2, 0, 4, 4, 3, 3, 3, 3, 1]"
124,20.292641325536074,8.861111111111121,5.115740740740743,0,6.315789473684211,1.0486111111111112,0.4988425925925926,0.375,0.020833333333333332,"[2, 2, 2, 3, 3, 0, 1, 4, 4, 4, 2, 2]","[2, 2, 2, 2, 2, 2, 4, 3, 3, 3, 2, 2]","[3, 2, 2, 2, 0, 2, 2, 2, 3, 1, 4, 3]"
125,23.082602339181285,1.3958333333333304,19.756944444444446,0,1.9298245614035079,0.9260416666666667,0.3524305555555556,0.25925925925925924,0.007523148148148148,"[2, 2, 2, 2, 3, 3, 3, 1, 4, 4, 4, 0]","[2, 2, 2, 2, 4, 4, 1, 1, 3, 3, 3, 2]","[2, 2, 2, 2, 0, 3, 3, 3, 1, 1, 4, 4]"
126,28.40545808966861,0.8865740740740655,26.817129629629633,0,0.7017543859649122,0.9311342592592593,0.2818287037037037,0.22685185185185186,0.001736111111111111,"[2, 2, 2, 3, 3, 3, 1, 4, 4, 4, 1, 0]","[2, 2, 2, 2, 4, 4, 4, 0, 1, 3, 3, 3]","[0, 2, 2, 2, 0, 3, 3, 3, 1, 1, 4, 4]"
127,79.07797270955166,69.27777777777777,4.537037037037039,0,5.263157894736843,1.6527777777777777,0.5046296296296297,0.34722222222222227,0.018518518518518517,"[2, 2, 2, 3, 3, 3, 3, 4, 4, 4, 4, 2]","[2, 2, 2, 2, 2, 4, 4, 3, 3, 3, 3, 2]","[2, 2, 2, 2, 2, 4, 4, 1, 3, 3, 3, 3]"
128,90.5143762183236,75.46990740740742,11.88657407407408,0,3.1578947368421058,1.7146990740740742,0.43113425925925924,0.2916666666666667,0.007523148148148148,"[2, 2, 2, 3, 3, 3, 1, 0, 4, 4, 4, 2]","[2, 2, 2, 2, 4, 4, 4, 3, 3, 3, 3, 3]","[0, 2, 2, 2, 1, 4, 4, 3, 3, 3, 3, 3]"
129,8.601608187134511,0.18055555555556244,0.0,0,8.421052631578949,0.9618055555555556,0.5578703703703703,0.4305555555555556,0.003472222222222222,"[2, 2, 2, 1, 3, 3, 2, 2, 4, 2, 2, 0]","[2, 2, 2, 2, 2, 2, 2, 4, 3, 3, 3, 2]","[2, 2, 0, 2, 2, 1, 4, 2, 2, 2, 3, 3]"
130,276.40740740740745,269.74074074074076,0.0,0,6.666666666666666,3.6574074074074074,0.5590277777777778,0.38425925925925924,0.013888888888888888,"[3, 3, 2, 3, 3, 2, 1, 4, 4, 4, 4, 3]","[4, 4, 4, 4, 4, 4, 3, 3, 3, 3, 3, 3]","[3, 2, 1, 0, 4, 4, 4, 3, 3, 3, 3, 3]"
131,8.790448343079925,0.01851851851851858,0.0,0,8.771929824561406,0.9398148148148148,0.5636574074074074,0.4398148148148149,0.004629629629629629,"[2, 2, 2, 3, 3, 3, 4, 1, 0, 2, 2, 0]","[2, 2, 2, 2, 2, 2, 2, 2, 2, 3, 3, 2]","[2, 2, 2, 3, 3, 4, 4, 2, 2, 3, 3, 1]"
132,46.0029239766082,26.91666666666668,16.80555555555556,0,2.280701754385966,1.2291666666666667,0.3819444444444444,0.26851851851851855,0.004629629629629629,"[2, 2, 2, 3, 3, 3, 1, 1, 4, 4, 4, 0]","[2, 2, 2, 2, 4, 4, 4, 3, 3, 3, 3, 2]","[2, 2, 2, 2, 0, 3, 3, 3, 1, 1, 4, 4]"
133,92.67933723196882,84.55555555555556,2.6851851851851904,0,5.438596491228071,1.8055555555555556,0.5231481481481481,0.35185185185185186,0.013888888888888888,"[2, 2, 2, 1, 1, 0, 3, 3, 3, 4, 2, 2]","[2, 2, 2, 2, 2, 2, 3, 3, 3, 3, 3, 3]","[0, 1, 1, 2, 2, 2, 4, 3, 3, 3, 3, 3]"
134,250.7848440545809,243.93055555555554,1.0648148148148184,0,5.789473684210528,3.3993055555555554,0.5393518518518519,0.36111111111111116,0.017361111111111112,"[3, 3, 3, 3, 2, 0, 1, 4, 4, 4, 4, 3]","[4, 4, 4, 4, 4, 3, 3, 3, 3, 3, 3, 3]","[0, 1, 4, 4, 1, 4, 4, 2, 3, 3, 3, 3]"
135,293.7246588693958,287.1018518518519,0.8333333333333415,0,5.789473684210528,3.8310185185185186,0.5416666666666666,0.36111111111111116,0.02546296296296296,"[3, 3, 3, 3, 2, 0, 1, 4, 4, 4, 4, 3]","[4, 4, 4, 4, 4, 4, 3, 3, 3, 3, 3, 3]","[0, 0, 1, 2, 4, 4, 4, 3, 3, 3, 3, 3]"
136,23.22027290448344,6.4305555555555625,12.754629629629632,0,4.035087719298247,1.0243055555555556,0.4224537037037037,0.3148148148148148,0.009259259259259259,"[2, 2, 2, 3, 3, 3, 0, 1, 4, 4, 2, 2]","[2, 2, 2, 2, 2, 4, 4, 3, 3, 3, 2, 2]","[0, 2, 2, 2, 0, 1, 4, 4, 3, 3, 3, 2]"
137,69.81505847953215,59.150462962962955,5.752314814814818,0,4.912280701754385,1.5515046296296295,0.49247685185185186,0.33796296296296297,0.019097222222222224,"[2, 2, 2, 3, 3, 3, 3, 4, 4, 4, 1, 2]","[2, 2, 2, 2, 4, 4, 4, 3, 3, 3, 2, 2]","[2, 2, 2, 2, 4, 4, 4, 3, 3, 1, 2, 2]"
138,87.46734892787525,76.91666666666667,5.462962962962969,0,5.087719298245613,1.7291666666666667,0.49537037037037035,0.34259259259259256,0.016203703703703703,"[2, 2, 2, 2, 3, 3, 3, 4, 4, 0, 2, 2]","[2, 2, 2, 2, 4, 4, 4, 3, 3, 3, 3, 2]","[2, 2, 2, 2, 4, 4, 4, 4, 3, 3, 3, 3]"
139,22.65375243664718,3.7916666666666714,15.879629629629632,0,2.982456140350877,0.9979166666666667,0.3912037037037037,0.28703703703703703,0.010416666666666666,"[2, 2, 2, 2, 3, 3, 1, 1, 4, 4, 4, 2]","[2, 2, 2, 2, 2, 4, 4, 1, 1, 3, 3, 3]","[2, 2, 2, 2, 3, 3, 3, 3, 1, 1, 4, 4]"
140,58.34941520467838,46.36111111111112,7.777777777777783,0,4.210526315789473,1.4236111111111112,0.4722222222222222,0.3194444444444444,0.016203703703703703,"[2, 2, 2, 3, 3, 3, 1, 0, 4, 4, 2, 2]","[2, 2, 2, 2, 2, 4, 4, 3, 3, 3, 3, 2]","[2, 2, 2, 2, 1, 4, 4, 4, 3, 3, 3, 3]"
141,24.52753411306043,1.7430555555555511,21.0300925925926,0,1.754385964912279,0.9225694444444444,0.33969907407407407,0.2546296296296296,0.004050925925925926,"[2, 2, 2, 3, 3, 3, 1, 1, 4, 4, 4, 0]","[2, 2, 2, 2, 2, 4, 4, 1, 1, 3, 3, 3]","[2, 2, 2, 2, 0, 3, 3, 3, 1, 4, 4, 4]"
142,39.71150097465887,24.83333333333333,11.01851851851852,0,3.859649122807017,1.2083333333333333,0.4398148148148148,0.3101851851851852,0.013888888888888888,"[2, 2, 2, 3, 3, 1, 1, 4, 4, 4, 2, 2]","[2, 2, 2, 2, 2, 4, 4, 3, 3, 3, 3, 2]","[2, 2, 2, 2, 0, 3, 3, 3, 1, 4, 4, 4]"
143,26.640107212475627,3.0509259259259185,22.361111111111114,0,1.2280701754385956,0.9094907407407408,0.3263888888888889,0.24074074074074073,0.0023148148148148147,"[2, 2, 2, 3, 3, 3, 1, 1, 4, 4, 4, 0]","[2, 2, 2, 2, 4, 4, 4, 1, 1, 3, 3, 3]","[2, 2, 2, 2, 0, 3, 3, 1, 1, 1, 4, 4]"
144,261.94834307992204,253.01620370370372,3.6689814814814814,0,5.263157894736843,3.490162037037037,0.5133101851851852,0.34722222222222227,0.028356481481481483,"[3, 3, 3, 3, 0, 2, 1, 4, 4, 4, 4, 3]","[2, 4, 4, 4, 4, 3, 3, 3, 3, 3, 3, 3]","[0, 0, 1, 2, 4, 4, 4, 3, 3, 3, 3, 3]"
145,30.416910331384017,7.923611111111107,20.91435185185186,0,1.5789473684210524,0.8607638888888889,0.34085648148148145,0.25,0.004050925925925926,"[2, 2, 2, 3, 3, 3, 1, 1, 4, 4, 4, 0]","[2, 2, 2, 2, 2, 4, 4, 1, 1, 3, 3, 3]","[2, 2, 2, 2, 0, 3, 3, 3, 1, 1, 4, 4]"
146,24.478801169590643,5.331018518518516,16.516203703703706,0,2.6315789473684195,1.0133101851851851,0.38483796296296297,0.27777777777777773,0.009837962962962963,"[2, 2, 2, 3, 3, 3, 0, 1, 4, 4, 4, 2]","[2, 2, 2, 2, 0, 4, 4, 3, 3, 3, 2, 2]","[2, 2, 2, 2, 0, 1, 4, 4, 3, 3, 3, 0]"
147,21.827729044834314,0.7013888888888884,17.442129629629633,0,3.6842105263157903,0.9670138888888888,0.3755787037037037,0.3055555555555556,0.0005787037037037037,"[2, 2, 2, 3, 3, 3, 1, 4, 4, 1, 2, 2]","[2, 2, 2, 2, 4, 4, 4, 3, 3, 3, 2, 2]","[2, 4, 3, 2, 0, 1, 4, 4, 3, 3, 3, 2]"
148,56.77777777777779,41.847222222222236,11.597222222222225,0,3.333333333333332,1.3784722222222223,0.4340277777777778,0.2962962962962963,0.01273148148148148,"[2, 2, 2, 1, 3, 3, 3, 0, 4, 4, 2, 2]","[2, 2, 2, 2, 4, 4, 4, 3, 3, 3, 3, 2]","[2, 2, 2, 2, 0, 1, 4, 4, 3, 3, 3, 3]"
149,48.10818713450293,35.25,8.472222222222225,0,4.385964912280703,1.3125,0.4652777777777778,0.3240740740740741,0.020833333333333332,"[2, 2, 2, 3, 3, 0, 1, 4, 4, 4, 2, 2]","[2, 2, 2, 2, 2, 4, 4, 3, 3, 3, 3, 2]","[2, 2, 2, 2, 0, 3, 3, 3, 4, 4, 4, 2]"
150,19.684697855750496,0.7592592592592604,15.416666666666673,0,3.508771929824561,0.9675925925925926,0.3958333333333333,0.30092592592592593,0.004629629629629629,"[2, 2, 2, 3, 3, 3, 1, 1, 4, 4, 4, 2]","[2, 2, 2, 2, 4, 4, 4, 3, 3, 3, 2, 2]","[4, 2, 2, 2, 0, 0, 3, 3, 1, 1, 2, 2]"
151,60.79459064327486,52.95833333333333,2.2222222222222254,0,5.6140350877193015,1.4895833333333333,0.5277777777777778,0.35648148148148157,0.027777777777777776,"[2, 2, 2, 0, 1, 3, 3, 3, 4, 4, 2, 2]","[2, 2, 2, 2, 2, 2, 2, 3, 3, 3, 3, 3]","[2, 2, 2, 2, 0, 1, 1, 4, 3, 3, 3, 2]"
152,90.41691033138402,79.86805555555556,5.63657407407408,0,4.912280701754385,1.7586805555555556,0.49363425925925924,0.33796296296296297,0.02025462962962963,"[2, 2, 2, 3, 3, 3, 3, 4, 4, 4, 2, 2]","[2, 2, 2, 2, 4, 4, 4, 3, 3, 3, 3, 2]","[2, 2, 2, 2, 2, 0, 4, 4, 3, 3, 3, 3]"
153,70.21101364522418,57.472222222222236,8.703703703703708,0,4.035087719298247,1.5347222222222223,0.46296296296296297,0.3148148148148148,0.013888888888888888,"[2, 2, 2, 3, 3, 3, 3, 4, 4, 4, 0, 2]","[2, 2, 2, 2, 2, 4, 4, 3, 3, 3, 3, 3]","[2, 2, 2, 2, 2, 4, 4, 0, 3, 3, 3, 1]"
154,18.35038986354776,0.0,14.490740740740742,0,3.859649122807017,0.9537037037037037,0.4050925925925926,0.3101851851851852,0.004629629629629629,"[2, 2, 0, 3, 3, 3, 4, 0, 4, 4, 2, 2]","[2, 2, 2, 2, 2, 4, 4, 3, 3, 3, 3, 2]","[3, 2, 2, 2, 0, 1, 4, 4, 3, 3, 2, 2]"
155,83.17397660818713,71.07175925925925,8.067129629629632,0,4.035087719298247,1.6707175925925926,0.4693287037037037,0.3148148148148148,0.013310185185185185,"[2, 2, 2, 3, 3, 3, 1, 4, 4, 4, 2, 2]","[2, 2, 2, 2, 4, 4, 4, 3, 3, 3, 3, 2]","[2, 2, 2, 2, 0, 4, 4, 4, 3, 3, 3, 3]"
156,294.88206627680313,289.06944444444446,0.023148148148155467,0,5.789473684210528,3.8506944444444446,0.5497685185185185,0.36111111111111116,0.024305555555555556,"[3, 3, 3, 3, 0, 2, 1, 4, 4, 4, 4, 2]","[4, 4, 4, 4, 4, 3, 3, 3, 3, 3, 3, 3]","[3, 0, 1, 2, 4, 4, 4, 4, 3, 3, 3, 3]"
157,56.60233918128655,41.5,11.944444444444446,0,3.1578947368421058,1.375,0.4305555555555556,0.2916666666666667,0.011574074074074073,"[2, 2, 2, 3, 3, 3, 0, 1, 4, 4, 4, 2]","[2, 2, 2, 2, 4, 4, 4, 3, 3, 3, 3, 2]","[2, 2, 2, 2, 2, 4, 4, 1, 3, 3, 3, 0]"
158,41.94834307992204,20.49305555555556,19.52546296296297,0,1.9298245614035079,1.1649305555555556,0.35474537037037035,0.25925925925925924,0.0028935185185185184,"[2, 2, 2, 3, 3, 3, 1, 0, 4, 4, 4, 0]","[2, 2, 2, 2, 4, 4, 4, 3, 3, 3, 3, 2]","[0, 2, 2, 2, 0, 3, 3, 3, 1, 1, 4, 4]"
159,50.12816764132553,36.638888888888886,9.629629629629632,0,3.859649122807017,1.3263888888888888,0.4537037037037037,0.3101851851851852,0.020833333333333332,"[2, 2, 2, 3, 3, 0, 1, 4, 4, 4, 2, 2]","[2, 2, 2, 2, 4, 4, 4, 3, 3, 3, 2, 2]","[2, 2, 2, 2, 0, 1, 4, 4, 3, 3, 3, 2]"
160,97.70492202729046,87.0439814814815,6.099537037037039,0,4.561403508771928,1.8304398148148149,0.48900462962962965,0.32870370370370366,0.015625,"[2, 2, 2, 3, 3, 3, 3, 0, 4, 4, 4, 2]","[2, 2, 2, 2, 4, 4, 4, 3, 3, 3, 3, 2]","[2, 2, 2, 2, 2, 4, 4, 4, 3, 3, 3, 3]"
161,260.50341130604295,252.61111111111117,2.4537037037037135,0,5.438596491228071,3.486111111111111,0.5254629629629629,0.35185185185185186,0.020833333333333332,"[3, 3, 3, 3, 2, 0, 1, 4, 4, 4, 4, 0]","[4, 4, 4, 4, 4, 3, 3, 3, 3, 3, 3, 3]","[0, 0, 1, 2, 4, 4, 4, 3, 3, 3, 3, 3]"
162,51.21491228070175,34.20833333333333,14.375000000000004,0,2.6315789473684195,1.3020833333333333,0.40625,0.27777777777777773,0.008101851851851851,"[2, 2, 2, 1, 3, 3, 3, 0, 4, 4, 4, 2]","[2, 2, 2, 2, 4, 4, 4, 3, 3, 3, 3, 2]","[2, 2, 2, 2, 0, 1, 4, 4, 3, 3, 3, 0]"
163,260.09283625730995,250.35416666666669,4.826388888888888,0,4.912280701754385,3.4635416666666665,0.5017361111111112,0.33796296296296297,0.019097222222222224,"[3, 3, 3, 3, 2, 0, 1, 4, 4, 4, 2, 3]","[4, 4, 4, 4, 4, 3, 3, 3, 3, 3, 3, 0]","[2, 0, 1, 4, 4, 4, 4, 4, 3, 3, 3, 3]"
164,59.48489278752438,40.05324074074075,17.326388888888893,0,2.1052631578947367,1.3605324074074074,0.3767361111111111,0.2638888888888889,0.00636574074074074,"[2, 2, 2, 3, 3, 3, 1, 0, 4, 4, 4, 2]","[2, 2, 2, 1, 4, 4, 4, 3, 3, 3, 3, 2]","[0, 2, 2, 2, 2, 4, 4, 4, 3, 3, 3, 1]"
165,33.53094541910332,5.724537037037037,27.280092592592595,0,0.5263157894736834,0.8827546296296296,0.27719907407407407,0.2222222222222222,0.001736111111111111,"[2, 2, 2, 3, 3, 3, 1, 1, 4, 4, 4, 0]","[2, 2, 2, 0, 4, 4, 4, 1, 1, 3, 3, 2]","[4, 2, 2, 2, 0, 0, 3, 3, 1, 1, 4, 4]"
166,51.39035087719299,34.555555555555564,14.027777777777784,0,2.807017543859648,1.3055555555555556,0.4097222222222222,0.2824074074074074,0.009259259259259259,"[2, 2, 2, 3, 3, 3, 0, 1, 4, 4, 1, 2]","[2, 2, 2, 2, 4, 4, 4, 3, 3, 3, 3, 2]","[2, 2, 2, 2, 0, 1, 4, 4, 3, 3, 3, 3]"
167,26.570662768031198,3.3865740740740784,21.956018518518523,0,1.2280701754385956,0.9938657407407407,0.3304398148148148,0.24074074074074073,0.0028935185185185184,"[2, 2, 2, 3, 3, 3, 1, 1, 4, 4, 4, 0]","[2, 2, 2, 2, 4, 4, 4, 1, 1, 3, 3, 3]","[2, 2, 2, 2, 0, 3, 3, 3, 1, 1, 4, 4]"
168,27.079922027290458,2.6226851851851922,23.22916666666667,0,1.2280701754385956,0.9862268518518519,0.3177083333333333,0.24074074074074073,0.0028935185185185184,"[2, 2, 2, 1, 3, 3, 3, 0, 4, 4, 4, 0]","[2, 2, 2, 2, 4, 4, 4, 1, 1, 3, 3, 3]","[2, 2, 2, 2, 0, 3, 3, 3, 1, 1, 4, 4]"
169,22.439083820662773,0.0,20.509259259259267,0,1.9298245614035079,0.9451388888888889,0.3449074074074074,0.25925925925925924,0.004629629629629629,"[2, 2, 2, 3, 3, 3, 3, 4, 4, 4, 1, 0]","[2, 2, 2, 2, 2, 4, 4, 1, 1, 3, 3, 3]","[2, 2, 2, 2, 0, 3, 3, 3, 1, 1, 4, 4]"
170,60.63011695906434,54.057870370370374,0.08101851851852748,0,6.4912280701754375,1.5005787037037037,0.5491898148148148,0.3796296296296296,0.013310185185185185,"[2, 2, 2, 3, 3, 3, 1, 1, 4, 2, 2, 2]","[2, 2, 2, 2, 2, 2, 2, 3, 3, 3, 3, 3]","[2, 2, 2, 3, 3, 4, 4, 0, 3, 3, 3, 1]"
171,36.06018518518518,18.58333333333333,14.14351851851852,0,3.333333333333332,1.1458333333333333,0.4085648148148148,0.2962962962962963,0.0023148148148148147,"[2, 2, 2, 1, 3, 3, 3, 0, 4, 4, 2, 2]","[2, 2, 2, 2, 2, 4, 4, 3, 3, 3, 3, 2]","[1, 0, 2, 2, 1, 0, 4, 4, 3, 3, 3, 3]"
172,61.36232943469786,49.370370370370374,7.4305555555555625,0,4.561403508771928,1.4537037037037037,0.4756944444444444,0.32870370370370366,0.018518518518518517,"[2, 2, 2, 3, 3, 3, 1, 4, 4, 4, 4, 2]","[2, 2, 2, 2, 4, 4, 4, 3, 3, 3, 2, 2]","[2, 2, 2, 2, 0, 4, 4, 3, 3, 1, 2, 2]"
173,41.241715399610136,33.34027777777777,1.5856481481481555,0,6.315789473684211,1.2934027777777777,0.5341435185185185,0.375,0.008680555555555556,"[2, 2, 2, 3, 3, 3, 0, 4, 0, 4, 2, 2]","[2, 2, 2, 2, 2, 2, 2, 3, 3, 3, 3, 3]","[2, 4, 2, 2, 2, 0, 3, 3, 0, 3, 3, 2]"
174,48.178849902534125,37.680555555555564,4.88425925925926,0,5.614035087719297,1.3368055555555556,0.5011574074074074,0.35648148148148145,0.017361111111111112,"[2, 2, 0, 0, 3, 3, 1, 4, 4, 2, 2, 2]","[2, 2, 2, 2, 2, 2, 2, 3, 3, 3, 3, 3]","[2, 2, 2, 2, 0, 4, 4, 4, 3, 3, 3, 3]"
175,58.00219298245614,45.84027777777777,7.951388888888894,0,4.210526315789474,1.4184027777777777,0.4704861111111111,0.3194444444444445,0.02141203703703704,"[2, 2, 2, 3, 3, 3, 1, 4, 4, 4, 2, 2]","[2, 2, 2, 2, 4, 4, 4, 3, 3, 3, 2, 2]","[2, 2, 2, 2, 0, 1, 4, 4, 3, 3, 3, 2]"
176,19.503167641325536,2.4837962962962927,13.159722222222225,0,3.859649122807017,0.915162037037037,0.4184027777777778,0.3101851851851852,0.012152777777777778,"[2, 2, 2, 3, 3, 3, 1, 1, 4, 4, 4, 2]","[2, 2, 2, 2, 2, 2, 2, 1, 1, 3, 3, 3]","[2, 2, 2, 2, 0, 3, 3, 3, 1, 1, 4, 4]"
177,43.53460038986355,30.388888888888886,8.93518518518519,0,4.210526315789474,1.2638888888888888,0.46064814814814814,0.3194444444444445,0.013888888888888888,"[2, 2, 2, 1, 3, 3, 3, 4, 4, 4, 2, 2]","[2, 2, 2, 2, 2, 4, 4, 3, 3, 3, 3, 2]","[2, 2, 2, 2, 4, 4, 3, 3, 1, 3, 3, 0]"
178,59.11817738791423,51.51157407407407,1.8171296296296324,0,5.789473684210528,1.4751157407407407,0.5318287037037037,0.36111111111111116,0.02488425925925926,"[2, 2, 2, 3, 3, 3, 0, 1, 4, 2, 2, 2]","[2, 2, 2, 2, 2, 2, 2, 3, 3, 3, 3, 3]","[2, 2, 2, 2, 1, 4, 4, 0, 3, 3, 3, 1]"
179,30.362085769980506,19.451388888888886,4.594907407407411,0,6.315789473684211,1.1545138888888888,0.5040509259259259,0.375,0.036458333333333336,"[2, 2, 2, 1, 3, 3, 1, 4, 0, 0, 2, 2]","[2, 2, 2, 2, 2, 2, 2, 4, 3, 3, 2, 2]","[2, 2, 2, 2, 0, 1, 3, 3, 1, 4, 4, 2]"
180,276.87889863547764,268.58333333333337,3.0324074074074114,0,5.263157894736843,3.6458333333333335,0.5196759259259259,0.34722222222222227,0.016203703703703703,"[3, 3, 3, 3, 2, 0, 1, 4, 4, 4, 4, 4]","[4, 4, 4, 4, 4, 4, 3, 3, 3, 3, 3, 3]","[0, 0, 1, 2, 4, 4, 4, 2, 3, 3, 3, 3]"
181,33.749025341130604,17.888888888888886,12.17592592592593,0,3.6842105263157903,1.1388888888888888,0.42824074074074076,0.3055555555555556,0.013888888888888888,"[2, 2, 2, 3, 3, 1, 0, 0, 4, 4, 2, 2]","[2, 2, 2, 2, 2, 4, 4, 3, 3, 3, 3, 2]","[2, 2, 2, 2, 1, 4, 4, 4, 1, 3, 3, 3]"
182,20.62524366471735,6.893518518518516,8.819444444444446,0,4.912280701754385,1.0289351851851851,0.4618055555555556,0.33796296296296297,0.005787037037037037,"[2, 2, 2, 1, 3, 3, 1, 3, 3, 2, 2, 0]","[2, 2, 2, 2, 2, 4, 3, 3, 3, 3, 2, 2]","[2, 2, 2, 2, 0, 1, 4, 1, 3, 3, 3, 4]"
183,32.17373294346979,12.506944444444445,17.21064814814815,0,2.4561403508771926,1.0850694444444444,0.37789351851851855,0.27314814814814814,0.00636574074074074,"[2, 2, 2, 3, 3, 3, 0, 1, 4, 4, 2, 2]","[2, 2, 2, 2, 4, 4, 1, 3, 3, 3, 3, 2]","[0, 2, 2, 2, 0, 3, 3, 3, 1, 4, 4, 4]"
184,24.22941033138402,0.0,22.65046296296297,0,1.5789473684210524,0.9565972222222222,0.32349537037037035,0.25,0.0028935185185185184,"[2, 2, 2, 3, 3, 3, 1, 0, 4, 4, 4, 0]","[2, 2, 2, 2, 2, 4, 4, 3, 3, 3, 3, 1]","[0, 2, 2, 2, 0, 3, 3, 3, 1, 1, 4, 4]"
185,57.479532163742704,44.046296296296305,9.39814814814815,0,4.035087719298247,1.400462962962963,0.45601851851851855,0.3148148148148148,0.011574074074074073,"[2, 2, 2, 3, 3, 3, 1, 4, 4, 4, 4, 2]","[2, 2, 2, 2, 2, 4, 4, 3, 3, 3, 3, 2]","[2, 2, 2, 2, 0, 1, 4, 4, 3, 3, 3, 3]"
186,32.942495126705666,19.10416666666668,9.803240740740742,0,4.035087719298247,1.1510416666666667,0.4519675925925926,0.3148148148148148,0.017939814814814815,"[2, 2, 2, 3, 3, 3, 1, 0, 4, 4, 2, 2]","[2, 2, 2, 2, 2, 4, 4, 3, 3, 3, 2, 2]","[2, 2, 2, 2, 0, 1, 4, 4, 3, 3, 3, 0]"
187,69.16569200779729,55.73611111111112,9.745370370370376,0,3.684210526315788,1.5173611111111112,0.4525462962962963,0.3055555555555555,0.01273148148148148,"[2, 2, 2, 3, 3, 3, 1, 0, 4, 4, 2, 2]","[2, 2, 2, 2, 4, 4, 4, 3, 3, 3, 3, 2]","[2, 2, 2, 2, 0, 4, 4, 4, 3, 3, 3, 3]"
188,264.54702729044834,254.69444444444446,5.115740740740743,0,4.736842105263157,3.5069444444444446,0.4988425925925926,0.3333333333333333,0.020833333333333332,"[3, 3, 3, 3, 0, 2, 1, 4, 4, 4, 4, 3]","[2, 4, 4, 4, 4, 4, 3, 3, 3, 3, 3, 3]","[0, 0, 1, 2, 4, 4, 4, 4, 3, 3, 3, 3]"
189,76.34892787524367,64.41666666666667,7.546296296296301,0,4.385964912280703,1.6041666666666667,0.47453703703703703,0.3240740740740741,0.013888888888888888,"[2, 2, 2, 2, 3, 3, 3, 1, 4, 4, 4, 2]","[2, 2, 2, 2, 2, 4, 4, 3, 3, 3, 3, 3]","[2, 2, 2, 2, 0, 4, 4, 4, 3, 3, 3, 3]"
190,51.457358674463954,37.10185185185186,10.671296296296301,0,3.684210526315788,1.3310185185185186,0.44328703703703703,0.3055555555555555,0.011574074074074073,"[2, 2, 2, 3, 3, 3, 0, 1, 4, 4, 1, 2]","[2, 2, 2, 2, 2, 4, 4, 3, 3, 3, 3, 2]","[2, 2, 2, 2, 0, 4, 4, 4, 3, 3, 3, 3]"
191,47.536793372319686,37.275462962962955,5.173611111111115,0,5.087719298245615,1.3327546296296295,0.4982638888888889,0.3425925925925926,0.023726851851851853,"[2, 2, 2, 1, 3, 3, 3, 0, 4, 4, 4, 2]","[2, 2, 2, 2, 2, 4, 4, 3, 3, 3, 2, 2]","[2, 2, 2, 2, 2, 4, 4, 0, 3, 3, 3, 2]"
192,31.587719298245617,9.381944444444446,20.451388888888893,0,1.754385964912279,1.0538194444444444,0.3454861111111111,0.2546296296296296,0.004050925925925926,"[2, 2, 2, 3, 3, 3, 1, 0, 4, 4, 4, 0]","[2, 2, 2, 2, 4, 4, 4, 1, 3, 3, 3, 2]","[2, 2, 2, 2, 0, 3, 3, 3, 1, 1, 4, 4]"
193,54.72002923976609,46.1875,2.7430555555555625,0,5.789473684210528,1.421875,0.5225694444444444,0.36111111111111116,0.026041666666666668,"[2, 2, 2, 3, 3, 4, 1, 3, 3, 4, 2, 2]","[2, 2, 2, 2, 2, 2, 4, 3, 3, 3, 3, 2]","[2, 2, 2, 2, 2, 4, 0, 1, 3, 3, 3, 3]"
194,24.090155945419113,8.629629629629633,11.250000000000004,0,4.210526315789474,1.0462962962962963,0.4375,0.3194444444444445,0.023148148148148147,"[2, 2, 2, 3, 3, 3, 1, 0, 4, 4, 1, 2]","[2, 2, 2, 2, 2, 4, 4, 0, 3, 3, 2, 2]","[2, 2, 2, 2, 0, 1, 4, 4, 3, 3, 2, 2]"
195,21.34137426900585,0.0,19.236111111111114,0,2.1052631578947367,0.9527777777777777,0.3576388888888889,0.2638888888888889,0.004629629629629629,"[2, 2, 2, 3, 3, 3, 1, 1, 4, 4, 4, 0]","[2, 2, 2, 2, 2, 4, 4, 1, 1, 3, 3, 3]","[2, 2, 2, 2, 3, 3, 3, 3, 1, 1, 4, 4]"
196,25.15168128654971,0.0,23.923611111111114,0,1.2280701754385956,0.940625,0.3107638888888889,0.24074074074074073,0.0005787037037037037,"[2, 2, 3, 3, 3, 2, 1, 1, 4, 4, 4, 0]","[2, 2, 2, 2, 4, 4, 4, 1, 1, 3, 3, 3]","[2, 2, 2, 2, 0, 3, 3, 3, 1, 1, 4, 4]"
197,26.75950292397661,13.9537037037037,7.893518518518522,0,4.912280701754385,1.099537037037037,0.4710648148148148,0.33796296296296297,0.011574074074074073,"[2, 2, 2, 3, 3, 2, 2, 0, 4, 4, 4, 2]","[2, 2, 2, 2, 2, 4, 4, 3, 3, 3, 2, 2]","[2, 2, 2, 2, 0, 1, 4, 4, 3, 3, 3, 0]"
198,69.16569200779729,55.73611111111112,9.745370370370376,0,3.684210526315788,1.5173611111111112,0.4525462962962963,0.3055555555555555,0.01273148148148148,"[2, 2, 2, 3, 3, 3, 1, 0, 4, 4, 2, 2]","[2, 2, 2, 2, 4, 4, 4, 3, 3, 3, 3, 2]","[2, 2, 2, 2, 1, 4, 4, 4, 3, 3, 3, 3]"
199,76.16617933723197,62.33333333333333,10.32407407407408,0,3.508771929824559,1.5833333333333333,0.44675925925925924,0.3009259259259259,0.009259259259259259,"[2, 2, 2, 3, 3, 3, 1, 4, 4, 4, 4, 2]","[2, 2, 2, 2, 4, 4, 4, 3, 3, 3, 3, 2]","[2, 2, 2, 2, 0, 1, 4, 4, 3, 3, 3, 3]"
200,25.15168128654971,0.0,23.923611111111114,0,1.2280701754385956,0.940625,0.3107638888888889,0.24074074074074073,0.0005787037037037037,"[2, 2, 3, 3, 3, 2, 1, 1, 4, 4, 4, 0]","[2, 2, 2, 2, 4, 4, 4, 1, 1, 3, 3, 3]","[2, 2, 2, 2, 0, 3, 3, 3, 1, 1, 4, 4]"
